{"cameraMode":{"drawMode":0,"name":"Shaded","section":"Shading Mode"},"sceneLighting":true,"audioPlay":false,"sceneViewState":{"m_AlwaysRefresh":false,"showFog":true,"showSkybox":true,"showFlares":true,"showImageEffects":true,"showParticleSystems":true,"showVisualEffectGraphs":true,"m_FxEnabled":true},"in2DMode":false,"pivot":{"x":-0.1514642834663391,"y":1.0514189004898072,"z":0.7736179828643799},"rotation":{"x":-0.35021600127220156,"y":-0.6136736273765564,"z":0.34916746616363528,"w":-0.6155107021331787},"size":0.21781723201274873,"orthographic":false}