{"cameraMode":{"drawMode":0,"name":"Shaded","section":"Shading Mode"},"sceneLighting":false,"audioPlay":false,"sceneViewState":{"m_AlwaysRefresh":false,"showFog":true,"showSkybox":false,"showFlares":true,"showImageEffects":true,"showParticleSystems":true,"showVisualEffectGraphs":true,"m_FxEnabled":true},"in2DMode":false,"pivot":{"x":-0.7328822612762451,"y":2.5552942752838136,"z":-1.5448501110076905},"rotation":{"x":-0.008019838482141495,"y":-0.9897969365119934,"z":0.12819553911685944,"w":-0.06183648109436035},"size":1.2829447984695435,"orthographic":false}