{"cameraMode":{"drawMode":0,"name":"Shaded","section":"Shading Mode"},"sceneLighting":false,"audioPlay":false,"sceneViewState":{"m_AlwaysRefresh":false,"showFog":true,"showSkybox":false,"showFlares":true,"showImageEffects":true,"showParticleSystems":true,"showVisualEffectGraphs":true,"m_FxEnabled":true},"in2DMode":false,"pivot":{"x":-0.3822513818740845,"y":1.0628587007522584,"z":0.14008420705795289},"rotation":{"x":-0.0012124304194003344,"y":-0.8646770715713501,"z":0.5023411512374878,"w":-0.002064746106043458},"size":0.9022219777107239,"orthographic":false}